{
  "folds": [
    {
      "fold": 1,
      "n_train": 481,
      "n_val": 104,
      "n_test": 104,
      "baseline_accuracy": 0.7019230769230769,
      "baseline_f1": 0.8248587570621468,
      "train_accuracy": 0.7193347193347194,
      "train_f1": 0.8331273176761433,
      "train_auroc": 1.0,
      "val_accuracy": 0.7019230769230769,
      "val_f1": 0.8248587570621468,
      "val_auroc": 0.6053910737958461,
      "test_accuracy": 0.7019230769230769,
      "test_f1": 0.8248587570621468,
      "test_auroc": 0.5258506407423773
    }
  ],
  "avg_baseline_accuracy": 0.7019230769230769,
  "avg_baseline_f1": 0.8248587570621468,
  "avg_train_accuracy": 0.7193347193347194,
  "avg_train_f1": 0.8331273176761433,
  "avg_train_auroc": 1.0,
  "avg_val_auroc": 0.6053910737958461,
  "avg_test_accuracy": 0.7019230769230769,
  "avg_test_f1": 0.8248587570621468,
  "avg_test_auroc": 0.5258506407423773,
  "feature_dim": 10775,
  "n_samples": 689,
  "n_folds": 1,
  "extract_time_s": 156.13759350776672
}